成份代码,成份名称,市盈率(PE),截止日期,收盘价,涨跌幅[%],指数权重,指数贡献[点],流通市值[亿],总市值[亿],流通股本[亿],总股本[亿]
00001.HK,长和,5.5831,2020-06-30,49.8000,1.1168,0.0000,0.0000,"1,920.4078","1,920.4078",38.5624,38.5624
00002.HK,中电控股,31.3930,2020-06-30,76.0000,0.6623,0.0000,0.0000,"1,920.1024","1,920.1024",25.2645,25.2645
00003.HK,香港中华煤气,28.8850,2020-06-30,12.0000,0.3344,0.0000,0.0000,"2,132.5566","2,132.5566",177.7130,177.7130
00004.HK,九龙仓集团,1.5091,2020-06-30,15.7600,-1.6230,0.0000,0.0000,480.5897,480.5897,30.4943,30.4943
00005.HK,汇丰控股,5.5411,2020-06-30,36.2000,0.4161,0.0000,0.0000,"7,490.2671","7,490.2671",206.9135,206.9135
00006.HK,电能实业,8.3727,2020-06-30,42.1500,-1.5187,0.0000,0.0000,899.5913,899.5913,21.3426,21.3426
00008.HK,电讯盈科,20.0520,2020-06-30,4.4200,0.0000,0.0000,0.0000,341.6500,341.6500,77.2964,77.2964
00010.HK,恒隆集团,5.6473,2020-06-30,18.0200,-0.2215,0.0000,0.0000,245.3636,245.3636,13.6162,13.6162
00011.HK,恒生银行,8.6641,2020-06-30,130.1000,0.0769,0.0000,0.0000,"2,487.3074","2,487.3074",19.1184,19.1184
00012.HK,恒基地产,9.3045,2020-06-30,29.4000,0.3413,0.0000,0.0000,"1,423.3678","1,423.3678",48.4139,48.4139
00014.HK,希慎兴业,4.1706,2020-06-30,24.8500,1.8443,0.0000,0.0000,258.9124,258.9124,10.4190,10.4190
00016.HK,新鸿基地产,8.6320,2020-06-30,98.9500,0.8151,0.0000,0.0000,"2,867.3536","2,867.3536",28.9778,28.9778
00017.HK,新世界发展,10.6154,2020-06-30,36.8000,0.1361,0.0000,0.0000,938.0750,938.0750,25.4912,25.4912
00019.HK,太古股份公司A,2.7992,2020-06-30,41.1000,0.4890,0.0000,0.0000,372.0397,372.0397,9.0521,9.0521
00023.HK,东亚银行,7.8280,2020-06-30,17.7000,1.2586,0.0000,0.0000,515.9167,515.9167,29.1478,29.1478
00027.HK,银河娱乐,26.8746,2020-06-30,52.7500,3.8386,0.0000,0.0000,"2,287.0800","2,287.0800",43.3570,43.3570
00059.HK,天誉置业,98.3915,2020-06-30,1.0000,-0.9901,0.0000,0.0000,79.3150,79.3150,79.3150,79.3150
00066.HK,港铁公司,18.9969,2020-06-30,40.1500,1.9036,0.0000,0.0000,"2,473.1031","2,473.1031",61.5966,61.5966
00069.HK,香格里拉(亚洲),7.2014,2020-06-30,6.6600,2.4615,0.0000,0.0000,238.7960,238.7960,35.8553,35.8553
00078.HK,REGAL INT'L,10.2158,2020-06-30,3.0600,1.3245,0.0000,0.0000,27.5027,27.5027,8.9878,8.9878
00081.HK,中国海外宏洋集团,5.9166,2020-06-30,4.3700,-0.2283,0.0000,0.0000,149.6008,149.6008,34.2336,34.2336
00083.HK,信和置业,7.2177,2020-06-30,9.7500,1.5625,0.0000,0.0000,686.9030,686.9030,70.4516,70.4516
00086.HK,新鸿基公司,5.9213,2020-06-30,3.0400,0.6623,0.0000,0.0000,60.5414,60.5414,19.9149,19.9149
00087.HK,太古股份公司B,1.5503,2020-06-30,7.3900,0.4076,0.0000,0.0000,220.3602,220.3602,29.8187,29.8187
00095.HK,绿景中国地产,-984.6142,2020-06-30,2.3500,-0.4237,0.0000,0.0000,119.0165,119.0165,50.6453,50.6453
00101.HK,恒隆地产,13.0965,2020-06-30,18.3600,0.6579,0.0000,0.0000,825.7811,825.7811,44.9772,44.9772
00116.HK,周生生,4.6702,2020-06-30,8.2100,1.2330,0.0000,0.0000,55.6173,55.6173,6.7743,6.7743
00119.HK,保利置业集团,3.4382,2020-06-30,2.3300,0.8658,0.0000,0.0000,85.3138,85.3138,36.6154,36.6154
00120.HK,COSMOPOL INT'L,――,2020-06-30,1.3100,-0.7576,0.0000,0.0000,77.1917,77.1917,58.9250,58.9250
00123.HK,越秀地产,6.3814,2020-06-30,1.3800,-0.7194,0.0000,0.0000,213.6555,213.6555,154.8228,154.8228
00135.HK,昆仑能源,8.0003,2020-06-30,5.0200,1.6194,0.0000,0.0000,434.6718,434.6718,86.5880,86.5880
00136.HK,恒腾网络,-35.5492,2020-06-30,0.1440,-2.7027,0.0000,0.0000,107.4408,107.4408,746.1167,746.1167
00142.HK,第一太平,4.2624,2020-06-30,1.4800,2.7778,0.0000,0.0000,64.3050,64.3050,43.4493,43.4493
00144.HK,招商局港口,7.7582,2020-06-30,9.1600,1.8910,0.0000,0.0000,315.9236,315.9236,34.4895,34.4895
00148.HK,建滔集团,8.4046,2020-06-30,20.1000,-0.9852,0.0000,0.0000,221.8534,221.8534,11.0375,11.0375
00151.HK,中国旺旺,12.6484,2020-06-30,5.8500,-1.6807,0.0000,0.0000,726.2883,726.2883,124.1518,124.1518
00152.HK,深圳国际,17.7834,2020-06-30,12.3400,2.1523,0.0000,0.0000,270.7677,270.7677,21.9423,21.9423
00165.HK,中国光大控股,15.6442,2020-06-30,11.2200,0.7181,0.0000,0.0000,189.0855,189.0855,16.8525,16.8525
00168.HK,青岛啤酒股份,38.5354,2020-06-30,57.5000,2.1314,0.0000,0.0000,376.6648,776.8151,6.5507,13.5098
00173.HK,嘉华国际,6.8906,2020-06-30,3.3400,0.9063,0.0000,0.0000,104.4076,104.4076,31.2597,31.2597
00175.HK,吉利汽车,44.9048,2020-06-30,12.2000,-0.6515,0.0000,0.0000,"1,197.1587","1,197.1587",98.1278,98.1278
00177.HK,江苏宁沪高速公路,12.1557,2020-06-30,9.0800,1.9080,0.0000,0.0000,110.9576,457.4275,12.2200,50.3775
00178.HK,莎莎国际,4.1144,2020-06-30,1.3000,6.5574,0.0000,0.0000,40.3415,40.3415,31.0319,31.0319
00179.HK,德昌电机控股,8.5422,2020-06-30,13.7400,-0.2903,0.0000,0.0000,124.0238,124.0238,9.0265,9.0265
00189.HK,东岳集团,12.1162,2020-06-30,3.1500,3.9604,0.0000,0.0000,66.5182,66.5182,21.1169,21.1169
00200.HK,新濠国际发展,16.5486,2020-06-30,15.0000,0.9421,0.0000,0.0000,227.1997,227.1997,15.1466,15.1466
00215.HK,和记电讯香港,6.6289,2020-06-30,1.2300,1.6529,0.0000,0.0000,59.2749,59.2749,48.1910,48.1910
00220.HK,统一企业中国,27.5707,2020-06-30,7.7200,1.1796,0.0000,0.0000,333.4526,333.4526,43.1933,43.1933
00241.HK,阿里健康,"-39,237.0742",2020-06-30,22.6000,-0.6593,0.0000,0.0000,"2,926.8039","2,926.8039",129.5046,129.5046
00242.HK,信德集团,6.2945,2020-06-30,2.8800,0.3484,0.0000,0.0000,87.0186,87.0186,30.2148,30.2148
00256.HK,冠城钟表珠宝,11.9296,2020-06-30,1.5500,0.6494,0.0000,0.0000,67.4543,67.4543,43.5189,43.5189
00257.HK,中国光大国际,22.7231,2020-06-30,4.0900,-0.2439,0.0000,0.0000,251.2477,251.2477,61.4298,61.4298
00267.HK,中信股份,28.8296,2020-06-30,7.2800,0.0000,0.0000,0.0000,"2,117.7711","2,117.7711",290.9026,290.9026
00268.HK,金蝶国际,379.6605,2020-06-30,18.0200,6.0000,0.0000,0.0000,600.2455,600.2455,33.3100,33.3100
00270.HK,粤海投资,19.2023,2020-06-30,13.3000,-2.2059,0.0000,0.0000,869.5303,869.5303,65.3782,65.3782
00272.HK,瑞安房地产,3.5199,2020-06-30,1.3000,2.3622,0.0000,0.0000,104.8088,104.8088,80.6222,80.6222
00285.HK,比亚迪电子,81.2813,2020-06-30,17.7400,-1.9890,0.0000,0.0000,399.7185,399.7185,22.5320,22.5320
00288.HK,万洲国际,-49.3393,2020-06-30,6.6400,1.8405,0.0000,0.0000,978.0438,978.0438,147.2958,147.2958
00291.HK,华润啤酒,89.0958,2020-06-30,43.2000,0.4651,0.0000,0.0000,"1,401.4844","1,401.4844",32.4418,32.4418
00293.HK,国泰航空,13.6361,2020-06-30,7.5000,0.2674,0.0000,0.0000,295.0383,295.0383,39.3384,39.3384
00297.HK,中化化肥,-9.2755,2020-06-30,0.6900,-5.4795,0.0000,0.0000,48.4687,48.4687,70.2446,70.2446
00302.HK,中手游,――,2020-06-30,3.5700,-1.9231,0.0000,0.0000,83.1864,83.1864,23.3015,23.3015
00303.HK,VTECH HOLDINGS,6.8983,2020-06-30,46.5500,2.6461,0.0000,0.0000,117.3661,117.3661,2.5213,2.5213
00308.HK,香港中旅,5.7198,2020-06-30,1.1000,2.8037,0.0000,0.0000,60.9030,60.9030,55.3663,55.3663
00315.HK,数码通电讯,8.7131,2020-06-30,4.1500,1.4670,0.0000,0.0000,46.5744,46.5744,11.2228,11.2228
00317.HK,中船防务,736.2787,2020-06-30,5.2000,0.0000,0.0000,0.0000,30.7877,73.5023,5.9207,14.1351
00322.HK,康师傅控股,23.5391,2020-06-30,12.0200,-0.3317,0.0000,0.0000,676.0032,676.0032,56.2399,56.2399
00323.HK,马鞍山钢铁股份,84.7214,2020-06-30,2.0800,0.0000,0.0000,0.0000,36.0449,160.1742,17.3293,77.0068
00327.HK,百富环球,23.9790,2020-06-30,3.3700,-0.8824,0.0000,0.0000,36.5508,36.5508,10.8459,10.8459
00336.HK,华宝国际,11.5366,2020-06-30,3.4000,10.0324,0.0000,0.0000,105.6665,105.6665,31.0784,31.0784
00337.HK,绿地香港,166.6348,2020-06-30,2.7400,1.1070,0.0000,0.0000,76.4976,76.4976,27.9188,27.9188
00338.HK,上海石油化工股份,7.2458,2020-06-30,1.8600,0.0000,0.0000,0.0000,65.0070,201.3229,34.9500,108.2381
00341.HK,大家乐集团,17.5148,2020-06-30,16.0400,2.6889,0.0000,0.0000,93.9469,93.9469,5.8570,5.8570
00345.HK,VITASOY INT'L,96.3195,2020-06-30,29.6500,-0.8361,0.0000,0.0000,315.4296,315.4296,10.6384,10.6384
00347.HK,鞍钢股份,21.6079,2020-06-30,1.8900,2.7174,0.0000,0.0000,26.6781,177.7592,14.1154,94.0525
00354.HK,中国软件国际,74.6958,2020-06-30,4.2400,-0.2353,0.0000,0.0000,111.2876,111.2876,26.2471,26.2471
00358.HK,江西铜业股份,7.2127,2020-06-30,7.8100,2.7632,0.0000,0.0000,108.3623,270.4392,13.8748,34.6273
00363.HK,上海实业控股,4.7875,2020-06-30,11.9200,0.6757,0.0000,0.0000,129.5956,129.5956,10.8721,10.8721
00371.HK,北控水务集团,29.9456,2020-06-30,3.0200,0.0000,0.0000,0.0000,302.6401,302.6401,100.2120,100.2120
00384.HK,中国燃气,46.4006,2020-06-30,23.9000,-3.4343,0.0000,0.0000,"1,247.2366","1,247.2366",52.1856,52.1856
00386.HK,中国石油化工股份,5.0667,2020-06-30,3.2300,-1.2232,0.0000,0.0000,824.0841,"3,910.6001",255.1344,"1,210.7121"
00388.HK,香港交易所,104.8361,2020-06-30,330.0000,3.1250,0.0000,0.0000,"4,183.8618","4,183.8618",12.6784,12.6784
00390.HK,中国中铁,8.5731,2020-06-30,3.9800,0.2519,0.0000,0.0000,167.4541,977.9230,42.0739,245.7093
00392.HK,北京控股,7.8428,2020-06-30,25.9000,0.0000,0.0000,0.0000,326.8718,326.8718,12.6205,12.6205
00405.HK,越秀房产信托基金,――,2020-06-30,3.5300,-0.8427,0.0000,0.0000,0.0000,0.0000,0.0000,0.0000
00410.HK,SOHO中国,1.4221,2020-06-30,2.7200,-1.8051,0.0000,0.0000,141.4271,141.4271,51.9952,51.9952
00425.HK,敏实集团,22.6530,2020-06-30,22.0500,1.8476,0.0000,0.0000,253.8548,253.8548,11.5127,11.5127
00435.HK,阳光房地产基金,――,2020-06-30,3.8500,0.7853,0.0000,0.0000,0.0000,0.0000,0.0000,0.0000
00440.HK,大新金融,4.7452,2020-06-30,21.7000,-0.9132,0.0000,0.0000,69.3478,69.3478,3.1958,3.1958
00451.HK,协鑫新能源,-16.9161,2020-06-30,0.1100,1.8519,0.0000,0.0000,20.9811,20.9811,190.7372,190.7372
00460.HK,四环医药,5.8829,2020-06-30,0.7400,-2.6316,0.0000,0.0000,70.0460,70.0460,94.6568,94.6568
00467.HK,联合能源集团,29.1992,2020-06-30,1.4000,-0.7092,0.0000,0.0000,367.8901,367.8901,262.7786,262.7786
00468.HK,纷美包装,10.4695,2020-06-30,2.7400,0.7353,0.0000,0.0000,36.6343,36.6343,13.3702,13.3702
00486.HK,俄铝,-1.9168,2020-06-30,2.9600,2.7778,0.0000,0.0000,449.7132,449.7132,151.9301,151.9301
00489.HK,东风集团股份,3.5325,2020-06-30,4.6300,-1.2793,0.0000,0.0000,132.2204,398.9264,28.5573,86.1612
00493.HK,国美零售,23.1694,2020-06-30,1.2900,-6.5217,0.0000,0.0000,278.0934,278.0934,215.5763,215.5763
00496.HK,卡森国际,6.2299,2020-06-30,0.9700,-1.0204,0.0000,0.0000,14.4883,14.4883,14.9364,14.9364
00506.HK,中国食品,-9.0240,2020-06-30,2.9400,2.7972,0.0000,0.0000,82.2384,82.2384,27.9722,27.9722
00512.HK,远大医药,266.4191,2020-06-30,5.4400,3.6190,0.0000,0.0000,183.7399,183.7399,33.7757,33.7757
00520.HK,呷哺呷哺,50.3405,2020-06-30,7.6400,5.3793,0.0000,0.0000,82.6307,82.6307,10.8155,10.8155
00522.HK,ASM PACIFIC,62.4043,2020-06-30,81.3500,-0.4284,0.0000,0.0000,332.6365,332.6365,4.0890,4.0890
00525.HK,广深铁路股份,6.9516,2020-06-30,1.4500,0.6944,0.0000,0.0000,20.7539,102.7113,14.3130,70.8354
00535.HK,金地商置,103.4641,2020-06-30,1.4300,5.1471,0.0000,0.0000,235.4966,235.4966,164.6829,164.6829
00546.HK,阜丰集团,10.5479,2020-06-30,2.4700,-1.2000,0.0000,0.0000,62.5809,62.5809,25.3364,25.3364
00548.HK,深圳高速公路股份,18.0109,2020-06-30,7.8400,3.2802,0.0000,0.0000,58.6040,170.9724,7.4750,21.8077
00551.HK,裕元集团,5.8339,2020-06-30,11.7800,0.8562,0.0000,0.0000,189.9153,189.9153,16.1218,16.1218
00552.HK,中国通信服务,12.3343,2020-06-30,4.8200,-0.7414,0.0000,0.0000,115.2665,333.8341,23.9142,69.2602
00563.HK,上实城市开发,30.1503,2020-06-30,0.8900,-5.3191,0.0000,0.0000,42.7763,42.7763,48.0632,48.0632
00570.HK,中国中药,73.2158,2020-06-30,3.7400,6.8571,0.0000,0.0000,188.3390,188.3390,50.3580,50.3580
00576.HK,浙江沪杭甬,10.0070,2020-06-30,5.4800,-3.5211,0.0000,0.0000,78.5752,238.0027,14.3385,43.4311
00581.HK,中国东方集团,68.2666,2020-06-30,2.1100,-0.9390,0.0000,0.0000,78.5462,78.5462,37.2257,37.2257
00582.HK,蓝鼎国际,-6.3172,2020-06-30,0.2490,3.3195,0.0000,0.0000,8.7695,8.7695,35.2188,35.2188
00586.HK,海螺创业,26.0725,2020-06-30,32.7000,-0.1527,0.0000,0.0000,590.1533,590.1533,18.0475,18.0475
00590.HK,六福集团,5.5470,2020-06-30,16.7800,2.6928,0.0000,0.0000,98.5167,98.5167,5.8711,5.8711
00598.HK,中国外运,11.3693,2020-06-30,1.5700,1.2903,0.0000,0.0000,33.6747,116.1926,21.4489,74.0080
00604.HK,深圳控股,8.4825,2020-06-30,2.4500,3.8136,0.0000,0.0000,216.4192,216.4192,88.3344,88.3344
00607.HK,丰盛控股,-10.7027,2020-06-30,0.1410,0.0000,0.0000,0.0000,27.7846,27.7846,197.0539,197.0539
00631.HK,三一国际,26.1693,2020-06-30,3.5900,1.9886,0.0000,0.0000,111.7146,111.7146,31.1183,31.1183
00636.HK,嘉里物流,12.2624,2020-06-30,10.3000,0.0000,0.0000,0.0000,184.7807,184.7807,17.9399,17.9399
00639.HK,首钢资源,8.3683,2020-06-30,1.6200,1.8868,0.0000,0.0000,85.8898,85.8898,53.0184,53.0184
00656.HK,复星国际,10.8006,2020-06-30,9.8600,1.2320,0.0000,0.0000,838.3664,838.3664,85.0270,85.0270
00658.HK,中国高速传动,124.2449,2020-06-30,4.5000,0.2227,0.0000,0.0000,73.5881,73.5881,16.3529,16.3529
00659.HK,新创建集团,5.9686,2020-06-30,6.6900,1.9817,0.0000,0.0000,261.6551,261.6551,39.1114,39.1114
00665.HK,海通国际,24.2969,2020-06-30,1.8500,2.7778,0.0000,0.0000,111.6666,111.6666,60.3604,60.3604
00667.HK,中国东方教育,――,2020-06-30,14.0200,4.6269,0.0000,0.0000,307.3407,307.3407,21.9216,21.9216
00669.HK,创科实业,90.3901,2020-06-30,75.8000,-0.7853,0.0000,0.0000,"1,388.0120","1,388.0120",18.3115,18.3115
00670.HK,中国东方航空股份,16.6636,2020-06-30,2.7600,-0.3610,0.0000,0.0000,142.8791,452.0745,51.7678,163.7951
00683.HK,嘉里建设,2.1879,2020-06-30,20.0000,1.8330,0.0000,0.0000,291.3002,291.3002,14.5650,14.5650
00686.HK,熊猫绿能,-2.2866,2020-06-30,0.1350,0.7463,0.0000,0.0000,30.2777,30.2777,224.2795,224.2795
00687.HK,泰N集团,8.3521,2020-06-30,0.4150,1.2195,0.0000,0.0000,13.9690,13.9690,33.6604,33.6604
00688.HK,中国海外发展,11.0539,2020-06-30,23.4500,-0.7617,0.0000,0.0000,"2,569.1316","2,569.1316",109.5579,109.5579
00694.HK,北京首都机场股份,14.4930,2020-06-30,4.8500,0.2066,0.0000,0.0000,91.1492,222.0902,18.7936,45.7918
00696.HK,中国民航信息网络,29.5376,2020-06-30,13.6400,-5.5402,0.0000,0.0000,127.2015,399.1350,9.3256,29.2621
00697.HK,首程控股,-9.6278,2020-06-30,1.5300,0.0000,0.0000,0.0000,105.9613,105.9613,69.2558,69.2558
00698.HK,通达集团,8.1871,2020-06-30,0.4600,1.0989,0.0000,0.0000,29.8057,29.8057,64.7951,64.7951
00700.HK,腾讯控股,251.7396,2020-06-30,498.6000,2.5926,0.0000,0.0000,"47,642.0550","47,642.0550",95.5517,95.5517
00709.HK,佐丹奴国际,3.0458,2020-06-30,1.1700,1.7391,0.0000,0.0000,18.4638,18.4638,15.7810,15.7810
00728.HK,中国电信,9.8648,2020-06-30,2.1700,0.9302,0.0000,0.0000,301.1398,"1,756.2324",138.7741,809.3237
00732.HK,信利国际,1.8274,2020-06-30,0.8100,1.2500,0.0000,0.0000,26.6428,26.6428,32.8923,32.8923
00743.HK,亚洲水泥(中国),12.3488,2020-06-30,7.6000,0.6623,0.0000,0.0000,119.0807,119.0807,15.6685,15.6685
00751.HK,创维集团,6.2976,2020-06-30,2.1700,-1.3636,0.0000,0.0000,66.4222,66.4222,30.6093,30.6093
00753.HK,中国国航,18.6153,2020-06-30,4.6200,0.4348,0.0000,0.0000,210.7960,671.0465,45.6268,145.2482
00754.HK,合生创展集团,8.7349,2020-06-30,8.0600,0.7500,0.0000,0.0000,179.3802,179.3802,22.2556,22.2556
00762.HK,中国联通,14.7930,2020-06-30,4.1900,-0.2381,0.0000,0.0000,"1,282.0614","1,282.0614",305.9812,305.9812
00763.HK,中兴通讯,60.2463,2020-06-30,23.7000,1.2821,0.0000,0.0000,179.0541,"1,093.3841",7.5550,46.1343
00772.HK,阅文集团,――,2020-06-30,52.2000,0.5780,0.0000,0.0000,530.2381,530.2381,10.1578,10.1578
00777.HK,网龙,1.6534,2020-06-30,21.7500,-0.9112,0.0000,0.0000,122.6554,122.6554,5.6393,5.6393
00778.HK,置富产业信托,――,2020-06-30,6.9700,1.3081,0.0000,0.0000,0.0000,0.0000,0.0000,0.0000
00780.HK,同程艺龙,――,2020-06-30,13.9600,1.0130,0.0000,0.0000,299.1871,299.1871,21.4317,21.4317
00788.HK,中国铁塔,――,2020-06-30,1.3700,-2.1429,0.0000,0.0000,639.2948,"2,411.3161",466.6386,"1,760.0847"
00799.HK,IGG,214.7346,2020-06-30,6.3400,5.3156,0.0000,0.0000,78.3571,78.3571,12.3592,12.3592
00806.HK,惠理集团,17.4250,2020-06-30,3.9300,-1.2563,0.0000,0.0000,72.9048,72.9048,18.5508,18.5508
00808.HK,泓富产业信托,――,2020-06-30,2.3100,0.8734,0.0000,0.0000,0.0000,0.0000,0.0000,0.0000
00813.HK,世茂集团,12.6090,2020-06-30,32.8000,-0.9063,0.0000,0.0000,"1,160.3648","1,160.3648",35.3770,35.3770
00816.HK,华电福新,11.0335,2020-06-30,2.4800,-0.4016,0.0000,0.0000,63.7415,208.5174,25.7022,84.0796
00817.HK,中国金茂,15.2646,2020-06-30,5.4500,0.5535,0.0000,0.0000,641.8991,641.8991,117.7796,117.7796
00819.HK,天能动力,114.6538,2020-06-30,13.2000,-1.9316,0.0000,0.0000,148.6484,148.6484,11.2612,11.2612
00823.HK,领展房产基金,――,2020-06-30,63.3500,-0.4713,0.0000,0.0000,0.0000,0.0000,0.0000,0.0000
00826.HK,天工国际,11.2485,2020-06-30,2.5000,2.8807,0.0000,0.0000,64.2263,64.2263,25.6905,25.6905
00832.HK,建业地产,8.1769,2020-06-30,3.6100,-0.2762,0.0000,0.0000,100.3241,100.3241,27.7906,27.7906
00836.HK,华润电力,4.1748,2020-06-30,9.1100,-0.5459,0.0000,0.0000,438.2314,438.2314,48.1044,48.1044
00839.HK,中教控股,――,2020-06-30,12.4600,-1.2678,0.0000,0.0000,251.7197,251.7197,20.2022,20.2022
00853.HK,微创医疗,335.3032,2020-06-30,31.2000,7.0326,0.0000,0.0000,541.8023,541.8023,17.3655,17.3655
00855.HK,中国水务,36.3807,2020-06-30,5.5800,0.5405,0.0000,0.0000,89.5048,89.5048,16.0403,16.0403
00856.HK,伟仕佳杰,13.0244,2020-06-30,4.1800,6.6327,0.0000,0.0000,60.6857,60.6857,14.5181,14.5181
00857.HK,中国石油股份,2.9868,2020-06-30,2.5700,0.0000,0.0000,0.0000,542.2417,"4,703.6391",210.9890,"1,830.2098"
00861.HK,神州控股,123.4598,2020-06-30,5.0100,0.2000,0.0000,0.0000,83.7375,83.7375,16.7141,16.7141
00867.HK,康哲药业,30.1499,2020-06-30,9.1300,-2.3529,0.0000,0.0000,225.5804,225.5804,24.7076,24.7076
00868.HK,信义玻璃,14.9067,2020-06-30,9.5000,0.0000,0.0000,0.0000,382.1411,382.1411,40.2254,40.2254
00874.HK,白云山,28.5636,2020-06-30,19.5600,-0.5086,0.0000,0.0000,43.0124,318.0047,2.1990,16.2579
00880.HK,澳博控股,7.6928,2020-06-30,8.6000,0.7026,0.0000,0.0000,487.3938,487.3938,56.6737,56.6737
00881.HK,中升控股,85.4077,2020-06-30,42.9000,0.4684,0.0000,0.0000,974.5584,974.5584,22.7170,22.7170
00883.HK,中国海洋石油,5.6017,2020-06-30,8.6200,0.3492,0.0000,0.0000,"3,848.6107","3,848.6107",446.4746,446.4746
00884.HK,旭辉控股集团,23.2981,2020-06-30,6.0400,-1.9481,0.0000,0.0000,491.3466,491.3466,81.3488,81.3488
00902.HK,华能国际电力股份,4.3801,2020-06-30,2.9100,0.0000,0.0000,0.0000,136.7812,456.8145,47.0038,156.9809
00906.HK,中粮包装,7.9805,2020-06-30,2.9300,0.3425,0.0000,0.0000,32.8488,32.8488,11.2112,11.2112
00914.HK,海螺水泥,25.4711,2020-06-30,52.2000,1.3592,0.0000,0.0000,678.3912,"2,766.2359",12.9960,52.9930
00916.HK,龙源电力,15.5382,2020-06-30,4.3500,-2.0270,0.0000,0.0000,145.2913,349.5829,33.4003,80.3639
00934.HK,中石化冠德,16.3924,2020-06-30,2.9700,2.0619,0.0000,0.0000,73.8390,73.8390,24.8616,24.8616
00939.HK,建设银行,5.3020,2020-06-30,6.2700,0.6421,0.0000,0.0000,"15,074.1660","15,675.6883","2,404.1732","2,500.1098"
00941.HK,中国移动,7.7256,2020-06-30,52.3000,0.9653,0.0000,0.0000,"10,708.6776","10,708.6776",204.7548,204.7548
00960.HK,龙湖集团,23.0604,2020-06-30,36.8500,-2.6420,0.0000,0.0000,"2,209.0378","2,209.0378",59.9468,59.9468
00966.HK,中国太平,33.7776,2020-06-30,12.4200,2.9851,0.0000,0.0000,446.3771,446.3771,35.9402,35.9402
00968.HK,信义光能,238.1385,2020-06-30,7.3400,-3.6745,0.0000,0.0000,599.3212,599.3212,81.6514,81.6514
00973.HK,L'OCCITANE,19.6159,2020-06-30,12.9800,3.8400,0.0000,0.0000,191.7100,191.7100,14.7696,14.7696
00978.HK,招商局置地,10.5895,2020-06-30,1.1900,1.7094,0.0000,0.0000,58.3726,58.3726,49.0526,49.0526
00981.HK,中芯国际,148.6451,2020-06-30,27.0000,1.5038,0.0000,0.0000,"1,536.4798","1,536.4798",56.9067,56.9067
00991.HK,大唐发电,4.4120,2020-06-30,1.0100,1.0000,0.0000,0.0000,61.7173,186.9178,61.1062,185.0671
00992.HK,联想集团,9.2295,2020-06-30,4.2900,1.6588,0.0000,0.0000,515.4346,515.4346,120.1479,120.1479
00998.HK,中信银行,3.3392,2020-06-30,3.3800,-0.5882,0.0000,0.0000,503.0171,"1,653.9970",148.8216,489.3482
01030.HK,新城发展,38.1638,2020-06-30,6.7300,-0.8837,0.0000,0.0000,417.9330,417.9330,62.1000,62.1000
01038.HK,长江基建集团,9.3488,2020-06-30,39.9000,0.3774,0.0000,0.0000,"1,057.6197","1,057.6197",26.5068,26.5068
01044.HK,恒安国际,20.5898,2020-06-30,60.7000,-0.1645,0.0000,0.0000,722.1342,722.1342,11.8968,11.8968
01052.HK,越秀交通基建,11.4366,2020-06-30,5.4100,6.9170,0.0000,0.0000,90.5181,90.5181,16.7316,16.7316
01055.HK,中国南方航空股份,23.6071,2020-06-30,3.4300,0.5865,0.0000,0.0000,146.6375,525.7951,42.7514,153.2930
01060.HK,阿里影业,144.5096,2020-06-30,1.0300,-1.9048,0.0000,0.0000,276.2668,276.2668,268.2202,268.2202
01066.HK,威高股份,163.4907,2020-06-30,17.2400,-0.9195,0.0000,0.0000,779.6501,779.6501,45.2233,45.2233
01070.HK,TCL电子,-301.3908,2020-06-30,3.7900,13.8138,0.0000,0.0000,89.8775,89.8775,23.7144,23.7144
01071.HK,华电国际电力股份,4.4480,2020-06-30,2.2300,-2.1930,0.0000,0.0000,38.2943,219.9444,17.1723,98.6298
01083.HK,港华燃气,9.6345,2020-06-30,3.5000,-0.2849,0.0000,0.0000,100.4740,100.4740,28.7069,28.7069
01088.HK,中国神华,4.3640,2020-06-30,12.1200,-0.3289,0.0000,0.0000,411.9082,"2,410.6220",33.9858,198.8962
01089.HK,乐游科技控股,-591.0667,2020-06-30,2.5500,0.3937,0.0000,0.0000,78.6148,78.6148,30.8293,30.8293
01093.HK,石药集团,121.7070,2020-06-30,14.6400,2.2346,0.0000,0.0000,"1,095.5999","1,095.5999",74.8361,74.8361
01098.HK,路劲,7.9750,2020-06-30,10.4800,0.3831,0.0000,0.0000,78.5305,78.5305,7.4934,7.4934
01099.HK,国药控股,21.2859,2020-06-30,19.8400,0.8130,0.0000,0.0000,266.2153,619.1382,13.4181,31.2066
01109.HK,华润置地,16.8617,2020-06-30,29.3500,-1.3445,0.0000,0.0000,"2,092.9308","2,092.9308",71.3094,71.3094
01112.HK,H&H国际控股,19.0074,2020-06-30,35.0500,1.4472,0.0000,0.0000,225.7702,225.7702,6.4414,6.4414
01113.HK,长实集团,11.0003,2020-06-30,46.2000,-0.6452,0.0000,0.0000,"1,706.3510","1,706.3510",36.9340,36.9340
01114.HK,BRILLIANCE CHI,8.6055,2020-06-30,6.9400,-3.4771,0.0000,0.0000,350.1417,350.1417,50.4527,50.4527
01117.HK,现代牧业,11.7294,2020-06-30,0.8700,2.3529,0.0000,0.0000,55.7464,55.7464,64.0764,64.0764
01119.HK,创梦天地,――,2020-06-30,4.9700,7.5758,0.0000,0.0000,63.1050,63.1050,12.6972,12.6972
01128.HK,永利澳门,10.0152,2020-06-30,13.3400,2.6154,0.0000,0.0000,693.3050,693.3050,51.9719,51.9719
01131.HK,鸿宝资源,4.5930,2020-06-30,0.0830,-2.3529,0.0000,0.0000,5.2908,5.2908,63.7448,63.7448
01138.HK,中远海能,-6.1680,2020-06-30,3.4600,-0.5747,0.0000,0.0000,44.8416,164.7891,12.9600,47.6269
01157.HK,中联重科,13.0285,2020-06-30,5.9700,2.9310,0.0000,0.0000,82.8760,471.5571,13.8821,78.9878
01169.HK,海尔电器,31.0983,2020-06-30,23.4500,1.5152,0.0000,0.0000,660.5856,660.5856,28.1700,28.1700
01171.HK,兖州煤业股份,29.6399,2020-06-30,5.7900,0.6957,0.0000,0.0000,110.0100,281.3940,19.0000,48.6000
01176.HK,珠光控股,-8.6611,2020-06-30,1.0800,-3.5714,0.0000,0.0000,77.6997,77.6997,71.9442,71.9442
01177.HK,中国生物制药,167.1072,2020-06-30,14.6000,-0.1368,0.0000,0.0000,"1,836.9357","1,836.9357",125.8175,125.8175
01186.HK,中国铁建,6.7086,2020-06-30,6.0900,2.3529,0.0000,0.0000,126.4464,826.9941,20.7630,135.7954
01193.HK,华润燃气,39.9421,2020-06-30,37.7500,-2.0752,0.0000,0.0000,873.5399,873.5399,23.1401,23.1401
01196.HK,伟禄集团,-510.8396,2020-06-30,4.3000,-0.2320,0.0000,0.0000,61.8430,61.8430,14.3821,14.3821
01199.HK,中远海运港口,2.6453,2020-06-30,4.1600,0.9709,0.0000,0.0000,131.5375,131.5375,31.6196,31.6196
01205.HK,中信资源,-1.6086,2020-06-30,0.2500,-1.9608,0.0000,0.0000,19.6443,19.6443,78.5773,78.5773
01208.HK,五矿资源,20.3340,2020-06-30,1.6000,3.2258,0.0000,0.0000,129.0183,129.0183,80.6364,80.6364
01211.HK,比亚迪股份,272.0652,2020-06-30,59.8500,0.3353,0.0000,0.0000,547.6275,"1,632.7935",9.1500,27.2814
01212.HK,利福国际,3.7299,2020-06-30,6.3700,-0.1567,0.0000,0.0000,95.6720,95.6720,15.0192,15.0192
01233.HK,时代中国控股,19.6133,2020-06-30,14.3200,-0.5556,0.0000,0.0000,278.0682,278.0682,19.4182,19.4182
01234.HK,中国利郎,8.4647,2020-06-30,4.1600,0.7264,0.0000,0.0000,49.8154,49.8154,11.9748,11.9748
01238.HK,宝龙地产,14.0621,2020-06-30,4.3400,-2.2523,0.0000,0.0000,179.7803,179.7803,41.4240,41.4240
01257.HK,中国光大绿色环保,51.2281,2020-06-30,3.0500,0.0000,0.0000,0.0000,63.0154,63.0154,20.6608,20.6608
01268.HK,美东汽车,246.8317,2020-06-30,19.0000,-0.2101,0.0000,0.0000,236.2690,236.2690,12.4352,12.4352
01269.HK,首控集团,16.7969,2020-06-30,0.2700,5.8824,0.0000,0.0000,13.5726,13.5726,50.2689,50.2689
01282.HK,宝新金融,73.1837,2020-06-30,0.2750,1.8519,0.0000,0.0000,86.3157,86.3157,313.8751,313.8751
01286.HK,鹰普精密,――,2020-06-30,2.6700,-0.3731,0.0000,0.0000,50.2840,50.2840,18.8330,18.8330
01288.HK,农业银行,4.5664,2020-06-30,3.1200,-0.9524,0.0000,0.0000,959.0513,"10,919.4707",307.3882,"3,499.8303"
01293.HK,广汇宝信,2.7255,2020-06-30,1.1700,0.8621,0.0000,0.0000,33.1989,33.1989,28.3751,28.3751
01299.HK,友邦保险,41.4777,2020-06-30,72.3000,-0.1381,0.0000,0.0000,"8,741.8533","8,741.8533",120.9108,120.9108
01302.HK,先健科技,-127.0258,2020-06-30,2.4400,14.5540,0.0000,0.0000,105.5570,105.5570,43.2611,43.2611
01308.HK,海丰国际,30.2737,2020-06-30,8.2700,-2.1302,0.0000,0.0000,221.5474,221.5474,26.7893,26.7893
01310.HK,香港宽频,-135.8799,2020-06-30,13.5600,1.1940,0.0000,0.0000,177.8529,177.8529,13.1160,13.1160
01313.HK,华润水泥控股,22.5069,2020-06-30,9.4900,0.7431,0.0000,0.0000,662.6808,662.6808,69.8294,69.8294
01316.HK,耐世特,15.6068,2020-06-30,5.3200,5.3465,0.0000,0.0000,133.4014,133.4014,25.0754,25.0754
01317.HK,枫叶教育,210.4516,2020-06-30,2.3600,-3.2787,0.0000,0.0000,70.6896,70.6896,29.9532,29.9532
01333.HK,中国忠旺,3.5056,2020-06-30,1.4600,0.0000,0.0000,0.0000,79.5623,79.5623,54.4947,54.4947
01336.HK,新华保险,19.6348,2020-06-30,25.9500,1.1696,0.0000,0.0000,268.3508,809.5223,10.3411,31.1955
01337.HK,雷蛇,――,2020-06-30,1.4600,-3.3113,0.0000,0.0000,130.3645,130.3645,89.2907,89.2907
01339.HK,中国人民保险集团,11.1748,2020-06-30,2.2600,0.4444,0.0000,0.0000,197.2129,999.4622,87.2623,442.2399
01347.HK,华虹半导体,79.7950,2020-06-30,26.9000,2.8681,0.0000,0.0000,347.8801,347.8801,12.9323,12.9323
01357.HK,美图公司,-203.6103,2020-06-30,1.5200,0.6623,0.0000,0.0000,65.5479,65.5479,43.1236,43.1236
01359.HK,中国信达,5.2851,2020-06-30,1.5200,-0.6536,0.0000,0.0000,206.2276,580.1009,135.6760,381.6454
01368.HK,特步国际,8.1396,2020-06-30,2.5800,-0.3861,0.0000,0.0000,65.0016,65.0016,25.1944,25.1944
01378.HK,中国宏桥,5.7233,2020-06-30,3.4400,-3.0986,0.0000,0.0000,294.8373,294.8373,85.7085,85.7085
01381.HK,粤丰环保,65.1940,2020-06-30,3.4000,-2.8571,0.0000,0.0000,82.9444,82.9444,24.3954,24.3954
01382.HK,互太纺织,4.3974,2020-06-30,3.7400,-2.8571,0.0000,0.0000,52.7792,52.7792,14.1121,14.1121
01383.HK,太阳城集团,-7.9735,2020-06-30,1.2800,5.7851,0.0000,0.0000,85.3373,85.3373,66.6697,66.6697
01398.HK,工商银行,4.9184,2020-06-30,4.7000,-1.0526,0.0000,0.0000,"4,079.3201","16,751.0941",867.9404,"3,564.0626"
01448.HK,福寿园,89.7475,2020-06-30,7.0900,-1.5278,0.0000,0.0000,162.4497,162.4497,22.9125,22.9125
01458.HK,周黑鸭,56.2265,2020-06-30,6.6100,-0.7508,0.0000,0.0000,157.5256,157.5256,23.8314,23.8314
01478.HK,丘钛科技,59.8769,2020-06-30,10.1000,-0.3945,0.0000,0.0000,118.3973,118.3973,11.7225,11.7225
01508.HK,中国再保险,8.6141,2020-06-30,0.7900,0.0000,0.0000,0.0000,52.7674,335.5905,66.7942,424.7981
01513.HK,丽珠医药,57.9761,2020-06-30,39.1000,0.9032,0.0000,0.0000,125.0669,367.8424,3.1986,9.4077
01515.HK,华润医疗,63.4403,2020-06-30,4.4200,-0.6742,0.0000,0.0000,57.3131,57.3131,12.9668,12.9668
01521.HK,方达控股,――,2020-06-30,4.8000,0.2088,0.0000,0.0000,97.3272,97.3272,20.2765,20.2765
01528.HK,红星美凯龙,5.4615,2020-06-30,4.3400,1.4019,0.0000,0.0000,32.1718,156.9947,7.4129,36.1739
01530.HK,三生制药,196.4529,2020-06-30,9.8200,-0.3046,0.0000,0.0000,249.2833,249.2833,25.3853,25.3853
01548.HK,金斯瑞生物科技,634.7922,2020-06-30,15.9400,-1.2392,0.0000,0.0000,305.7169,305.7169,19.1792,19.1792
01558.HK,东阳光药,133.3441,2020-06-30,15.8400,5.4594,0.0000,0.0000,67.7267,139.3869,4.2757,8.7997
01569.HK,民生教育,22.8928,2020-06-30,1.0600,0.0000,0.0000,0.0000,44.7078,44.7078,42.1772,42.1772
01573.HK,南方能源,5.3487,2020-06-30,0.6800,0.0000,0.0000,0.0000,4.8824,4.8824,7.1800,7.1800
01579.HK,颐海国际,"3,954.3620",2020-06-30,79.4500,2.1208,0.0000,0.0000,831.7621,831.7621,10.4690,10.4690
01585.HK,雅迪控股,100.7793,2020-06-30,5.3500,0.0000,0.0000,0.0000,160.2325,160.2325,29.9500,29.9500
01589.HK,中国物流资产,39.7314,2020-06-30,3.3200,-1.1905,0.0000,0.0000,107.4108,107.4108,32.3526,32.3526
01600.HK,天伦燃气,28.9109,2020-06-30,5.9200,2.4221,0.0000,0.0000,59.1772,59.1772,9.9962,9.9962
01608.HK,伟能集团,776.0599,2020-06-30,4.2300,-0.4706,0.0000,0.0000,108.4247,108.4247,25.6323,25.6323
01610.HK,中粮肉食,-48.7257,2020-06-30,2.5600,3.2258,0.0000,0.0000,99.8912,99.8912,39.0200,39.0200
01618.HK,中国中冶,7.4335,2020-06-30,1.2300,0.8197,0.0000,0.0000,35.3133,254.9005,28.7100,207.2362
01622.HK,力高集团,24.8411,2020-06-30,3.5800,4.9853,0.0000,0.0000,127.1476,127.1476,35.5161,35.5161
01628.HK,禹洲集团,11.9352,2020-06-30,3.3500,-1.1799,0.0000,0.0000,175.1695,175.1695,52.2894,52.2894
01638.HK,佳兆业集团,6.8476,2020-06-30,2.9200,-0.6803,0.0000,0.0000,178.3626,178.3626,61.0831,61.0831
01658.HK,邮储银行,9.7502,2020-06-30,4.4500,-3.0501,0.0000,0.0000,883.5994,"3,870.5460",198.5617,869.7856
01666.HK,同仁堂科技,14.5592,2020-06-30,5.8900,2.6132,0.0000,0.0000,37.0307,75.4382,6.2870,12.8078
01668.HK,华南城,1.9220,2020-06-30,0.7900,-4.8193,0.0000,0.0000,63.9260,63.9260,80.9189,80.9189
01681.HK,康臣药业,13.1065,2020-06-30,3.2000,4.2345,0.0000,0.0000,27.0366,27.0366,8.4489,8.4489
01686.HK,新意网集团,21.6490,2020-06-30,6.0700,-0.4918,0.0000,0.0000,141.3820,141.3820,23.2919,23.2919
01691.HK,JS环球生活,――,2020-06-30,7.4300,5.6899,0.0000,0.0000,253.5602,253.5602,34.1265,34.1265
01717.HK,澳优,140.1568,2020-06-30,17.3400,0.0000,0.0000,0.0000,280.1139,280.1139,16.1542,16.1542
01728.HK,正通汽车,2.6846,2020-06-30,1.1100,-0.8929,0.0000,0.0000,27.2196,27.2196,24.5222,24.5222
01765.HK,希望教育,――,2020-06-30,2.6500,3.9216,0.0000,0.0000,178.4445,178.4445,67.3375,67.3375
01766.HK,中国中车,19.7299,2020-06-30,3.2700,2.1875,0.0000,0.0000,142.9339,938.4529,43.7107,286.9886
01776.HK,广发证券,19.9624,2020-06-30,8.3000,0.4843,0.0000,0.0000,141.2491,632.5503,17.0180,76.2109
01777.HK,花样年控股,6.3841,2020-06-30,1.4500,-2.0270,0.0000,0.0000,83.6421,83.6421,57.6842,57.6842
01778.HK,彩生活,104.1561,2020-06-30,3.7000,-0.5376,0.0000,0.0000,52.6416,52.6416,14.2275,14.2275
01787.HK,山东黄金,――,2020-06-30,16.4600,-1.0817,0.0000,0.0000,115.1383,543.0927,6.9950,32.9947
01788.HK,国泰君安国际,21.1514,2020-06-30,1.0100,1.0000,0.0000,0.0000,97.1104,97.1104,96.1489,96.1489
01789.HK,爱康医疗,635.0972,2020-06-30,24.6500,-1.4000,0.0000,0.0000,274.5948,274.5948,11.1398,11.1398
01797.HK,新东方在线,――,2020-06-30,31.1000,-0.3205,0.0000,0.0000,292.2912,292.2912,9.3984,9.3984
01800.HK,中国交通建设,4.7355,2020-06-30,4.3700,0.4598,0.0000,0.0000,193.4818,706.8359,44.2750,161.7474
01806.HK,汇付天下,――,2020-06-30,2.2900,-1.2931,0.0000,0.0000,29.6940,29.6940,12.9668,12.9668
01810.HK,小米集团-W,――,2020-06-30,12.8400,-1.2308,0.0000,0.0000,"2,258.7239","3,092.6933",175.9131,240.8640
01811.HK,中广核新能源,14.1759,2020-06-30,1.4900,0.0000,0.0000,0.0000,63.9333,63.9333,42.9082,42.9082
01813.HK,合景泰富集团,13.9211,2020-06-30,13.0200,-3.1250,0.0000,0.0000,413.6367,413.6367,31.7693,31.7693
01816.HK,中广核电力,15.9967,2020-06-30,1.6000,-1.2346,0.0000,0.0000,178.6180,807.9778,111.6363,504.9861
01818.HK,招金矿业,31.7695,2020-06-30,9.0500,-0.8762,0.0000,0.0000,94.9540,295.9706,10.4922,32.7039
01833.HK,平安好医生,――,2020-06-30,117.9000,0.1699,0.0000,0.0000,"1,258.3399","1,258.3399",10.6729,10.6729
01836.HK,九兴控股,6.3255,2020-06-30,7.9500,-7.9861,0.0000,0.0000,63.1850,63.1850,7.9478,7.9478
01848.HK,中国飞机租赁,27.4203,2020-06-30,6.2900,0.8013,0.0000,0.0000,44.4056,44.4056,7.0597,7.0597
01860.HK,汇量科技,――,2020-06-30,4.4500,-0.2242,0.0000,0.0000,68.2721,68.2721,15.3420,15.3420
01873.HK,维亚生物,――,2020-06-30,8.6800,15.7333,0.0000,0.0000,146.4171,146.4171,16.8683,16.8683
01876.HK,百威亚太,――,2020-06-30,22.5500,2.5000,0.0000,0.0000,"2,986.3860","2,986.3860",132.4340,132.4340
01881.HK,富豪产业信托,――,2020-06-30,1.2200,1.6667,0.0000,0.0000,0.0000,0.0000,0.0000,0.0000
01882.HK,海天国际,20.7848,2020-06-30,15.7400,0.3827,0.0000,0.0000,251.2104,251.2104,15.9600,15.9600
01883.HK,中信国际电讯,9.1989,2020-06-30,2.4600,-1.9920,0.0000,0.0000,90.1373,90.1373,36.6412,36.6412
01888.HK,建滔积层板,20.5454,2020-06-30,7.7900,-0.7643,0.0000,0.0000,240.0099,240.0099,30.8100,30.8100
01890.HK,中国科培,――,2020-06-30,6.2400,0.8078,0.0000,0.0000,124.8498,124.8498,20.0080,20.0080
01896.HK,猫眼娱乐,――,2020-06-30,11.8200,2.2491,0.0000,0.0000,133.7732,133.7732,11.3175,11.3175
01898.HK,中煤能源,5.3969,2020-06-30,1.7600,0.0000,0.0000,0.0000,72.2773,233.3525,41.0666,132.5866
01905.HK,海通恒信,――,2020-06-30,1.5000,-0.6623,0.0000,0.0000,86.9168,123.5295,57.9445,82.3530
01907.HK,中国旭阳集团,――,2020-06-30,2.1200,0.0000,0.0000,0.0000,86.7080,86.7080,40.9000,40.9000
01908.HK,建发国际集团,257.5225,2020-06-30,12.0400,-0.1658,0.0000,0.0000,141.6760,141.6760,11.7671,11.7671
01910.HK,新秀丽,8.5677,2020-06-30,7.8000,0.5155,0.0000,0.0000,111.8297,111.8297,14.3371,14.3371
01911.HK,华兴资本控股,――,2020-06-30,11.7200,-1.5126,0.0000,0.0000,62.6861,62.6861,5.3486,5.3486
01913.HK,普拉达,12.0867,2020-06-30,26.9000,1.1278,0.0000,0.0000,688.3237,688.3237,25.5882,25.5882
01918.HK,融创中国,40.8742,2020-06-30,32.4500,-2.1116,0.0000,0.0000,"1,510.7792","1,510.7792",46.5571,46.5571
01919.HK,中远海控,158.8252,2020-06-30,2.2300,1.3636,0.0000,0.0000,57.5474,273.3875,25.8060,122.5953
01928.HK,金沙中国有限公司,16.1072,2020-06-30,30.4000,0.6623,0.0000,0.0000,"2,459.0764","2,459.0764",80.8907,80.8907
01929.HK,周大福,11.2074,2020-06-30,7.4100,-0.5369,0.0000,0.0000,741.0000,741.0000,100.0000,100.0000
01951.HK,锦欣生殖,――,2020-06-30,11.7400,12.0229,0.0000,0.0000,285.2235,285.2235,24.2950,24.2950
01958.HK,北京汽车,8.6480,2020-06-30,3.3500,0.2994,0.0000,0.0000,84.4431,268.5138,25.2069,80.1534
01963.HK,重庆银行,4.4543,2020-06-30,3.8800,-0.7673,0.0000,0.0000,61.2660,121.3297,15.7902,31.2705
01966.HK,中骏集团控股,15.9272,2020-06-30,3.3600,0.2985,0.0000,0.0000,140.5197,140.5197,41.8213,41.8213
01970.HK,IMAX CHINA,31.8346,2020-06-30,11.2200,2.0000,0.0000,0.0000,39.0999,39.0999,3.4848,3.4848
01972.HK,太古地产,9.9251,2020-06-30,19.6800,2.0747,0.0000,0.0000,"1,151.2800","1,151.2800",58.5000,58.5000
01988.HK,民生银行,3.9652,2020-06-30,5.3200,-2.5641,0.0000,0.0000,442.6397,"2,329.2247",83.2030,437.8242
01996.HK,弘阳地产,――,2020-06-30,2.5400,5.3942,0.0000,0.0000,84.3281,84.3281,33.2001,33.2001
01997.HK,九龙仓置业,――,2020-06-30,37.0000,0.5435,0.0000,0.0000,"1,123.4041","1,123.4041",30.3623,30.3623
01999.HK,敏华控股,40.2279,2020-06-30,7.4100,3.4916,0.0000,0.0000,281.5152,281.5152,37.9913,37.9913
02001.HK,新高教集团,――,2020-06-30,5.1200,0.3922,0.0000,0.0000,78.9043,78.9043,15.4110,15.4110
02003.HK,维信金科,――,2020-06-30,4.0300,-3.5885,0.0000,0.0000,20.0893,20.0893,4.9849,4.9849
02005.HK,石四药集团,29.8189,2020-06-30,5.2900,5.8000,0.0000,0.0000,160.3200,160.3200,30.3062,30.3062
02007.HK,碧桂园,20.9996,2020-06-30,9.5200,-1.3472,0.0000,0.0000,"2,082.3167","2,082.3167",218.7307,218.7307
02009.HK,金隅集团,4.5433,2020-06-30,1.5100,-1.3072,0.0000,0.0000,35.3153,161.2343,23.3876,106.7777
02013.HK,微盟集团,――,2020-06-30,9.7300,2.4211,0.0000,0.0000,217.7930,217.7930,22.3837,22.3837
02018.HK,瑞声科技,19.8873,2020-06-30,47.5500,-0.5230,0.0000,0.0000,574.6418,574.6418,12.0850,12.0850
02019.HK,德信中国,――,2020-06-30,3.1500,0.3185,0.0000,0.0000,85.0922,85.0922,27.0134,27.0134
02020.HK,安踏体育,136.2557,2020-06-30,68.4000,-1.0846,0.0000,0.0000,"1,848.7350","1,848.7350",27.0283,27.0283
02038.HK,富智康集团,12.1145,2020-06-30,0.8300,-1.1905,0.0000,0.0000,68.0849,68.0849,82.0300,82.0300
02039.HK,中集集团,10.8386,2020-06-30,6.3000,1.7771,0.0000,0.0000,129.7732,225.9227,20.5989,35.8607
02048.HK,易居企业控股,――,2020-06-30,9.0400,6.3529,0.0000,0.0000,125.2379,125.2379,13.8537,13.8537
02051.HK,51信用卡,――,2020-06-30,0.5000,3.0928,0.0000,0.0000,5.9583,5.9583,11.9165,11.9165
02103.HK,新力控股集团,――,2020-06-30,4.1400,-0.7194,0.0000,0.0000,147.8057,147.8057,35.7019,35.7019
02128.HK,中国联塑,25.6837,2020-06-30,10.0800,-0.7874,0.0000,0.0000,312.7238,312.7238,31.0242,31.0242
02186.HK,绿叶制药,39.0777,2020-06-30,4.7400,-0.6289,0.0000,0.0000,154.0010,154.0010,32.4897,32.4897
02196.HK,复星医药,31.7604,2020-06-30,25.9000,-3.1776,0.0000,0.0000,142.9526,663.7907,5.5194,25.6290
02202.HK,万科企业,15.5272,2020-06-30,24.5000,0.2045,0.0000,0.0000,463.9162,"2,846.3444",18.9354,116.1773
02208.HK,金风科技,54.2970,2020-06-30,6.6400,-5.4131,0.0000,0.0000,51.3652,280.5445,7.7357,42.2507
02233.HK,西部水泥,18.5371,2020-06-30,1.4100,0.0000,0.0000,0.0000,76.6653,76.6653,54.3726,54.3726
02238.HK,广汽集团,21.5432,2020-06-30,5.5900,-2.7826,0.0000,0.0000,173.2129,572.3000,30.9862,102.3793
02255.HK,海昌海洋公园,23.3747,2020-06-30,0.4600,1.0989,0.0000,0.0000,18.4000,18.4000,40.0000,40.0000
02269.HK,药明生物,――,2020-06-30,141.8000,-4.6402,0.0000,0.0000,"1,857.1254","1,857.1254",13.0968,13.0968
02280.HK,慧聪集团,7.0530,2020-06-30,1.2800,1.5873,0.0000,0.0000,16.9068,16.9068,13.2084,13.2084
02282.HK,美高梅中国,7.5380,2020-06-30,10.0000,6.3830,0.0000,0.0000,380.0000,380.0000,38.0000,38.0000
02313.HK,申洲国际,71.6473,2020-06-30,93.4000,-1.2163,0.0000,0.0000,"1,404.0097","1,404.0097",15.0322,15.0322
02314.HK,理文造纸,10.5085,2020-06-30,4.1600,-0.4785,0.0000,0.0000,180.8203,180.8203,43.4664,43.4664
02318.HK,中国平安,42.8816,2020-06-30,77.5000,-0.3856,0.0000,0.0000,"5,771.8721","14,167.1871",74.4758,182.8024
02319.HK,蒙牛乳业,65.3325,2020-06-30,29.6000,-0.3367,0.0000,0.0000,"1,165.8226","1,165.8226",39.3859,39.3859
02328.HK,中国财险,10.4020,2020-06-30,6.3900,-1.0836,0.0000,0.0000,440.8649,"1,421.3127",68.9929,222.4277
02329.HK,国瑞置业,1.8146,2020-06-30,1.1600,-0.8547,0.0000,0.0000,51.5552,51.5552,44.4442,44.4442
02331.HK,李宁,-160.3376,2020-06-30,24.6000,2.9289,0.0000,0.0000,608.5801,608.5801,24.7390,24.7390
02333.HK,长城汽车,6.7643,2020-06-30,4.8400,-0.8197,0.0000,0.0000,150.0177,444.1461,30.9954,91.7657
02338.HK,潍柴动力,27.7409,2020-06-30,14.4400,0.6974,0.0000,0.0000,280.5750,"1,145.6514",19.4304,79.3387
02343.HK,太平洋航运,478.4712,2020-06-30,1.1300,1.8018,0.0000,0.0000,54.1142,54.1142,47.8887,47.8887
02357.HK,中航科工,34.0004,2020-06-30,3.5100,-2.7701,0.0000,0.0000,218.0820,218.0820,62.1316,62.1316
02359.HK,药明康德,――,2020-06-30,100.7000,-1.4677,0.0000,0.0000,240.3900,"2,327.7582",2.3872,23.1158
02362.HK,金川国际,5.9820,2020-06-30,0.6600,1.5385,0.0000,0.0000,83.2252,83.2252,126.0987,126.0987
02380.HK,中国电力,5.1181,2020-06-30,1.4200,-2.0690,0.0000,0.0000,139.2578,139.2578,98.0689,98.0689
02382.HK,舜宇光学科技,242.9543,2020-06-30,124.0000,0.4862,0.0000,0.0000,"1,360.0936","1,360.0936",10.9685,10.9685
02386.HK,中石化炼化工程,3.3226,2020-06-30,3.3000,-1.1976,0.0000,0.0000,48.2064,146.1240,14.6080,44.2800
02388.HK,中银香港,10.5243,2020-06-30,24.6500,1.2320,0.0000,0.0000,"2,606.1903","2,606.1903",105.7278,105.7278
02400.HK,心动公司,――,2020-06-30,29.8000,-1.3245,0.0000,0.0000,127.5495,127.5495,4.2802,4.2802
02588.HK,中银航空租赁,17.5724,2020-06-30,49.5000,2.4845,0.0000,0.0000,343.5351,343.5351,6.9401,6.9401
02600.HK,中国铝业,28.5448,2020-06-30,1.4500,0.0000,0.0000,0.0000,57.1875,246.8288,39.4397,170.2267
02601.HK,中国太保,19.3567,2020-06-30,20.7000,0.9756,0.0000,0.0000,574.4871,"1,982.3079",27.7530,95.7637
02607.HK,上海医药,14.0074,2020-06-30,13.0200,-1.0638,0.0000,0.0000,119.6633,370.0400,9.1907,28.4209
02611.HK,国泰君安,――,2020-06-30,10.7200,1.5152,0.0000,0.0000,149.2039,954.9321,13.9183,89.0795
02628.HK,中国人寿,16.9058,2020-06-30,15.6000,0.2571,0.0000,0.0000,"1,160.8233","4,409.2940",74.4118,282.6471
02638.HK,港灯-SS,――,2020-06-30,8.0400,-0.3717,0.0000,0.0000,710.4305,710.4305,88.3620,88.3620
02666.HK,环球医疗,22.2214,2020-06-30,4.6800,1.0799,0.0000,0.0000,80.3231,80.3231,17.1630,17.1630
02669.HK,中海物业,284.7680,2020-06-30,8.2000,0.2445,0.0000,0.0000,269.5226,269.5226,32.8686,32.8686
02678.HK,天虹纺织,3.8465,2020-06-30,6.2000,1.6393,0.0000,0.0000,56.7300,56.7300,9.1500,9.1500
02688.HK,新奥能源,61.6359,2020-06-30,87.2000,-1.3575,0.0000,0.0000,981.7518,981.7518,11.2586,11.2586
02689.HK,玖龙纸业,18.3340,2020-06-30,7.0100,-2.3677,0.0000,0.0000,328.9247,328.9247,46.9222,46.9222
02727.HK,上海电气,11.8972,2020-06-30,2.2000,0.4566,0.0000,0.0000,65.4041,333.3544,29.7291,151.5247
02768.HK,佳源国际控股,46.8947,2020-06-30,3.2000,-0.9288,0.0000,0.0000,126.2161,126.2161,39.4425,39.4425
02772.HK,中梁控股,――,2020-06-30,5.5000,3.3835,0.0000,0.0000,196.9985,196.9985,35.8179,35.8179
02777.HK,富力地产,3.4380,2020-06-30,9.0200,-0.5513,0.0000,0.0000,116.2009,315.2821,12.8826,34.9537
02778.HK,冠君产业信托,――,2020-06-30,4.0300,0.4988,0.0000,0.0000,0.0000,0.0000,0.0000,0.0000
02799.HK,中国华融,3.2635,2020-06-30,0.7800,1.2987,0.0000,0.0000,195.3421,304.7476,250.4385,390.7021
02858.HK,易鑫集团,――,2020-06-30,1.9000,0.0000,0.0000,0.0000,121.1243,121.1243,63.7496,63.7496
02869.HK,绿城服务,308.3265,2020-06-30,9.1300,-1.6164,0.0000,0.0000,293.7088,293.7088,32.1696,32.1696
02877.HK,神威药业,5.1549,2020-06-30,5.1100,2.8169,0.0000,0.0000,42.2597,42.2597,8.2700,8.2700
02883.HK,中海油田服务,3.5583,2020-06-30,6.9600,0.1439,0.0000,0.0000,126.0542,332.1028,18.1112,47.7159
02899.HK,紫金矿业,46.8450,2020-06-30,3.6100,1.9774,0.0000,0.0000,207.1035,916.1191,57.3694,253.7726
03301.HK,融信中国,18.5390,2020-06-30,6.8200,-0.2924,0.0000,0.0000,116.3177,116.3177,17.0554,17.0554
03306.HK,江南布衣,22.2596,2020-06-30,7.7700,3.6000,0.0000,0.0000,40.3069,40.3069,5.1875,5.1875
03309.HK,希玛眼科,――,2020-06-30,6.6400,-0.8955,0.0000,0.0000,75.9435,75.9435,11.4373,11.4373
03311.HK,中国建筑国际,10.4912,2020-06-30,4.5200,-1.5251,0.0000,0.0000,228.2219,228.2219,50.4916,50.4916
03319.HK,雅生活服务,――,2020-06-30,39.0500,-6.4671,0.0000,0.0000,169.2169,520.6669,4.3333,13.3333
03320.HK,华润医药,10.6632,2020-06-30,4.4700,6.4286,0.0000,0.0000,280.8282,280.8282,62.8251,62.8251
03323.HK,中国建材,13.3511,2020-06-30,8.2500,2.1040,0.0000,0.0000,319.1676,695.8686,38.6870,84.3477
03328.HK,交通银行,3.9928,2020-06-30,4.7800,-0.2088,0.0000,0.0000,"1,673.5670","3,549.7583",350.1186,742.6273
03331.HK,维达国际,66.8067,2020-06-30,27.7000,0.3623,0.0000,0.0000,331.7068,331.7068,11.9750,11.9750
03333.HK,中国恒大,15.6331,2020-06-30,20.0000,0.0000,0.0000,0.0000,"2,611.0220","2,611.0220",130.5511,130.5511
03339.HK,中国龙工,17.9457,2020-06-30,2.3500,3.5242,0.0000,0.0000,100.5824,100.5824,42.8010,42.8010
03360.HK,远东宏信,10.5265,2020-06-30,6.5800,2.1739,0.0000,0.0000,260.8053,260.8053,39.6361,39.6361
03377.HK,远洋集团,2.9244,2020-06-30,1.8600,-1.5873,0.0000,0.0000,141.6594,141.6594,76.1610,76.1610
03380.HK,龙光集团,31.8157,2020-06-30,13.7200,0.2924,0.0000,0.0000,757.2801,757.2801,55.1953,55.1953
03382.HK,天津港发展,4.4797,2020-06-30,0.5400,0.0000,0.0000,0.0000,33.2532,33.2532,61.5800,61.5800
03383.HK,雅居乐集团,6.7248,2020-06-30,9.1200,-1.9355,0.0000,0.0000,357.2347,357.2347,39.1705,39.1705
03396.HK,联想控股,4.1282,2020-06-30,9.0500,4.3829,0.0000,0.0000,115.1028,213.2389,12.7185,23.5623
03606.HK,福耀玻璃,25.8234,2020-06-30,18.4600,0.3261,0.0000,0.0000,93.3395,463.0908,5.0563,25.0862
03613.HK,同仁堂国药,33.2936,2020-06-30,10.4400,3.1621,0.0000,0.0000,87.3932,87.3932,8.3710,8.3710
03618.HK,重庆农村商业银行,4.9929,2020-06-30,3.0500,-1.6129,0.0000,0.0000,76.6567,346.3885,25.1334,113.5700
03633.HK,中裕燃气,72.2103,2020-06-30,7.3100,1.2465,0.0000,0.0000,193.3372,193.3372,26.4483,26.4483
03669.HK,永达汽车,22.4821,2020-06-30,9.3100,-0.4278,0.0000,0.0000,183.2315,183.2315,19.6812,19.6812
03690.HK,美团点评-W,――,2020-06-30,171.9000,0.1165,0.0000,0.0000,"8,798.0086","10,062.4514",51.1810,58.5367
03692.HK,翰森制药,――,2020-06-30,36.5000,-1.0840,0.0000,0.0000,"2,160.4318","2,160.4318",59.1899,59.1899
03799.HK,达利食品,43.8526,2020-06-30,4.7000,0.6424,0.0000,0.0000,643.6235,643.6235,136.9412,136.9412
03800.HK,保利协鑫能源,-11.2983,2020-06-30,0.2190,-1.7937,0.0000,0.0000,46.2989,46.2989,211.4105,211.4105
03808.HK,中国重汽,183.5729,2020-06-30,20.0500,0.6526,0.0000,0.0000,553.5792,553.5792,27.6099,27.6099
03818.HK,中国动向,21.1291,2020-06-30,0.6900,-2.8169,0.0000,0.0000,40.6142,40.6142,58.8612,58.8612
03836.HK,和谐汽车,11.0897,2020-06-30,3.8500,3.7736,0.0000,0.0000,60.6245,60.6245,15.7466,15.7466
03868.HK,信义能源,――,2020-06-30,2.4500,1.2397,0.0000,0.0000,165.4357,165.4357,67.5248,67.5248
03877.HK,中国船舶租赁,――,2020-06-30,0.9800,0.0000,0.0000,0.0000,60.1334,60.1334,61.3607,61.3607
03883.HK,中国奥园,28.3028,2020-06-30,9.3700,-2.1921,0.0000,0.0000,253.2602,253.2602,27.0288,27.0288
03888.HK,金山软件,68.6270,2020-06-30,36.0500,-0.5517,0.0000,0.0000,494.8687,494.8687,13.7273,13.7273
03898.HK,中车时代电气,18.2064,2020-06-30,19.7000,1.5464,0.0000,0.0000,107.8239,231.5689,5.4733,11.7548
03899.HK,中集安瑞科,5.3149,2020-06-30,3.0700,-0.3247,0.0000,0.0000,61.7219,61.7219,20.1048,20.1048
03900.HK,绿城中国,3.8289,2020-06-30,7.7400,0.2591,0.0000,0.0000,193.0294,193.0294,24.9392,24.9392
03908.HK,中金公司,171.3165,2020-06-30,15.2200,-0.2621,0.0000,0.0000,289.7453,664.9112,19.0371,43.6867
03918.HK,金界控股,34.5160,2020-06-30,8.9700,2.0478,0.0000,0.0000,389.3884,389.3884,43.4101,43.4101
03933.HK,联邦制药,317.4908,2020-06-30,6.7000,1.3616,0.0000,0.0000,121.4274,121.4274,18.1235,18.1235
03958.HK,东方证券,27.7818,2020-06-30,4.2800,4.1363,0.0000,0.0000,43.9590,299.3285,10.2708,69.9366
03968.HK,招商银行,15.0220,2020-06-30,35.6500,-0.4190,0.0000,0.0000,"1,636.6563","8,990.8750",45.9090,252.1985
03969.HK,中国通号,21.9965,2020-06-30,3.3300,0.9091,0.0000,0.0000,65.5611,352.6410,19.6880,105.8982
03983.HK,中海石油化学,2.6627,2020-06-30,1.1500,-1.7094,0.0000,0.0000,20.3665,53.0150,17.7100,46.1000
03988.HK,中国银行,3.8500,2020-06-30,2.8700,-0.6920,0.0000,0.0000,"2,399.9593","8,448.9296",836.2228,"2,943.8779"
03990.HK,美的置业,――,2020-06-30,18.9600,0.0000,0.0000,0.0000,233.3155,233.3155,12.3057,12.3057
03993.HK,洛阳钼业,46.5694,2020-06-30,2.5300,-0.7843,0.0000,0.0000,99.5167,546.4608,39.3347,215.9924
03998.HK,波司登,28.4942,2020-06-30,2.4000,3.0043,0.0000,0.0000,257.8379,257.8379,107.4324,107.4324
06030.HK,中信证券,36.2431,2020-06-30,14.6600,1.5235,0.0000,0.0000,334.0028,"1,895.0654",22.7833,129.2678
06049.HK,保利物业,――,2020-06-30,78.0000,-0.1919,0.0000,0.0000,431.6001,431.6001,5.5333,5.5333
06055.HK,中烟香港,――,2020-06-30,15.7600,3.2765,0.0000,0.0000,109.0088,109.0088,6.9168,6.9168
06060.HK,众安在线,――,2020-06-30,38.3500,-0.6477,0.0000,0.0000,180.1732,563.6732,4.6981,14.6981
06066.HK,中信建投证券,39.7656,2020-06-30,8.7700,1.3873,0.0000,0.0000,110.5918,670.5880,12.6102,76.4639
06068.HK,睿见教育,79.7632,2020-06-30,3.1900,2.5723,0.0000,0.0000,65.3042,65.3042,20.4715,20.4715
06069.HK,盛业资本,――,2020-06-30,6.3400,0.1580,0.0000,0.0000,55.8562,55.8562,8.8101,8.8101
06088.HK,FIT HON TENG,12.0566,2020-06-30,3.0000,4.5296,0.0000,0.0000,206.4386,206.4386,68.8129,68.8129
06098.HK,碧桂园服务,――,2020-06-30,36.0000,-1.0989,0.0000,0.0000,991.2743,991.2743,27.5354,27.5354
06110.HK,滔搏,――,2020-06-30,9.9000,-1.3944,0.0000,0.0000,613.9210,613.9210,62.0122,62.0122
06158.HK,正荣地产,――,2020-06-30,4.8500,-0.6148,0.0000,0.0000,211.8362,211.8362,43.6776,43.6776
06166.HK,中国宏泰发展,5.3055,2020-06-30,3.3700,1.5060,0.0000,0.0000,55.6467,55.6467,16.5124,16.5124
06169.HK,宇华教育,――,2020-06-30,6.3600,-5.4978,0.0000,0.0000,212.4011,212.4011,33.3964,33.3964
06186.HK,中国飞鹤,――,2020-06-30,15.5200,0.9103,0.0000,0.0000,"1,386.4544","1,386.4544",89.3334,89.3334
06806.HK,申万宏源,――,2020-06-30,2.1400,3.3816,0.0000,0.0000,53.5856,535.8548,25.0400,250.3994
06808.HK,高鑫零售,27.7312,2020-06-30,13.2400,1.3783,0.0000,0.0000,"1,263.0569","1,263.0569",95.3970,95.3970
06818.HK,中国光大银行,4.6034,2020-06-30,2.9100,0.6920,0.0000,0.0000,368.9512,"1,527.4396",126.7874,524.8933
06823.HK,香港电讯-SS,35.9078,2020-06-30,11.3400,0.0000,0.0000,0.0000,859.0892,859.0892,75.7574,75.7574
06837.HK,海通证券,18.6591,2020-06-30,6.2600,2.9605,0.0000,0.0000,213.4390,720.0064,34.0957,115.0170
06862.HK,海底捞,――,2020-06-30,32.7000,-0.9091,0.0000,0.0000,"1,733.1000","1,733.1000",53.0000,53.0000
06869.HK,长飞光纤光缆,19.9567,2020-06-30,14.2400,-3.9136,0.0000,0.0000,50.0631,107.9257,3.5157,7.5791
06881.HK,中国银河,18.1036,2020-06-30,4.1900,0.9639,0.0000,0.0000,154.6523,424.7511,36.9098,101.3726
06886.HK,HTSC,45.8452,2020-06-30,12.3400,-1.5949,0.0000,0.0000,212.1302,"1,120.0586",17.1905,90.7665
09988.HK,阿里巴巴-SW,――,2020-06-30,209.6000,0.0955,0.0000,0.0000,"1,205.2000","44,983.8998",5.7500,214.6178
09999.HK,网易-S,――,2020-06-30,133.6000,-1.0370,0.0000,0.0000,263.4619,"4,616.0369",1.9720,34.5512
